{"cameraMode":{"drawMode":0,"name":"Shaded","section":"Shading Mode"},"sceneLighting":false,"audioPlay":false,"sceneViewState":{"m_AlwaysRefresh":false,"showFog":false,"showSkybox":false,"showFlares":false,"showImageEffects":false,"showParticleSystems":false,"showVisualEffectGraphs":true,"m_FxEnabled":true},"in2DMode":false,"pivot":{"x":0.022801876068115236,"y":0.7075284719467163,"z":0.08896875381469727},"rotation":{"x":0.014328704215586186,"y":0.23420454561710359,"z":0.001971244113519788,"w":-0.9723624587059021},"size":1.1935858726501465,"orthographic":false}